key	value
@data_info@facility	Ritsumeikan-SR
@data_info@beamline	BL-10
@data_info@id	BL10_Ca-K_005
@data_info@related_id	None
@data_info@date@create_time	2021-08-23 00:00:00
@data_info@date@update_time	None
@data_info@data_depositor@name	Toyonari Yaji
@data_info@data_depositor@affiliation	Ritsumeikan SR Center
@data_info@comment	The PFY spectrum is distorted due to self-absorption effect and dead time of SDD.
@sample@chemical_formula	CaCO3
@sample@name	Calcium carbonate
@sample@CAS_number	471-34-1
@sample@manufacturer	None
@sample@Product_number	None
@sample@sample_lot_number	None
@sample@additional_data	powder, on carbon tape
@measurement@absorption_edge	Ca K-edge
@measurement@energy_calibration_0@standard_sample	Ca(OH)2
@measurement@energy_calibration_0@calibration_position	white line peak maximum
@measurement@energy_calibration_0@energy	4038.54
@measurement@energy_calibration_0@energy_unit	eV
@measurement@incident_angle	0
@measurement@incident_angle_unit	deg
@measurement@tune_angle	50
@measurement@tune_angle_unit	deg
@measurement@tune_energy	None
@measurement@tune_energy_unit	None
@measurement@data_points	246
@measurement@section@section_number	8
@measurement@section@section_blocks_0@start_energy	4000
@measurement@section@section_blocks_0@start_energy_unit	eV
@measurement@section@section_blocks_0@end_energy	4020
@measurement@section@section_blocks_0@end_energy_unit	eV
@measurement@section@section_blocks_0@sampling_number	11
@measurement@section@section_blocks_0@delta_energy	2
@measurement@section@section_blocks_0@delta_energy_unit	eV
@measurement@section@section_blocks_0@waiting_time	1
@measurement@section@section_blocks_0@waiting_time_unit	s
@measurement@section@section_blocks_0@dwelling_time	3
@measurement@section@section_blocks_0@dwelling_time_unit	s
@measurement@section@section_blocks_1@start_energy	4020
@measurement@section@section_blocks_1@start_energy_unit	eV
@measurement@section@section_blocks_1@end_energy	4025
@measurement@section@section_blocks_1@end_energy_unit	eV
@measurement@section@section_blocks_1@sampling_number	10
@measurement@section@section_blocks_1@delta_energy	0.5
@measurement@section@section_blocks_1@delta_energy_unit	eV
@measurement@section@section_blocks_1@waiting_time	1
@measurement@section@section_blocks_1@waiting_time_unit	s
@measurement@section@section_blocks_1@dwelling_time	3
@measurement@section@section_blocks_1@dwelling_time_unit	s
@measurement@section@section_blocks_2@start_energy	4025
@measurement@section@section_blocks_2@start_energy_unit	eV
@measurement@section@section_blocks_2@end_energy	4046
@measurement@section@section_blocks_2@end_energy_unit	eV
@measurement@section@section_blocks_2@sampling_number	105
@measurement@section@section_blocks_2@delta_energy	0.2
@measurement@section@section_blocks_2@delta_energy_unit	eV
@measurement@section@section_blocks_2@waiting_time	1
@measurement@section@section_blocks_2@waiting_time_unit	s
@measurement@section@section_blocks_2@dwelling_time	3
@measurement@section@section_blocks_2@dwelling_time_unit	s
@measurement@section@section_blocks_3@start_energy	4046
@measurement@section@section_blocks_3@start_energy_unit	eV
@measurement@section@section_blocks_3@end_energy	4054
@measurement@section@section_blocks_3@end_energy_unit	eV
@measurement@section@section_blocks_3@sampling_number	25
@measurement@section@section_blocks_3@delta_energy	0.32
@measurement@section@section_blocks_3@delta_energy_unit	eV
@measurement@section@section_blocks_3@waiting_time	1
@measurement@section@section_blocks_3@waiting_time_unit	s
@measurement@section@section_blocks_3@dwelling_time	3
@measurement@section@section_blocks_3@dwelling_time_unit	s
@measurement@section@section_blocks_4@start_energy	4054
@measurement@section@section_blocks_4@start_energy_unit	eV
@measurement@section@section_blocks_4@end_energy	4074
@measurement@section@section_blocks_4@end_energy_unit	eV
@measurement@section@section_blocks_4@sampling_number	40
@measurement@section@section_blocks_4@delta_energy	0.5
@measurement@section@section_blocks_4@delta_energy_unit	eV
@measurement@section@section_blocks_4@waiting_time	1
@measurement@section@section_blocks_4@waiting_time_unit	s
@measurement@section@section_blocks_4@dwelling_time	3
@measurement@section@section_blocks_4@dwelling_time_unit	s
@measurement@section@section_blocks_5@start_energy	4074
@measurement@section@section_blocks_5@start_energy_unit	eV
@measurement@section@section_blocks_5@end_energy	4100
@measurement@section@section_blocks_5@end_energy_unit	eV
@measurement@section@section_blocks_5@sampling_number	20
@measurement@section@section_blocks_5@delta_energy	1.3
@measurement@section@section_blocks_5@delta_energy_unit	eV
@measurement@section@section_blocks_5@waiting_time	1
@measurement@section@section_blocks_5@waiting_time_unit	s
@measurement@section@section_blocks_5@dwelling_time	3
@measurement@section@section_blocks_5@dwelling_time_unit	s
@measurement@section@section_blocks_6@start_energy	4100
@measurement@section@section_blocks_6@start_energy_unit	eV
@measurement@section@section_blocks_6@end_energy	4130
@measurement@section@section_blocks_6@end_energy_unit	eV
@measurement@section@section_blocks_6@sampling_number	15
@measurement@section@section_blocks_6@delta_energy	2
@measurement@section@section_blocks_6@delta_energy_unit	eV
@measurement@section@section_blocks_6@waiting_time	1
@measurement@section@section_blocks_6@waiting_time_unit	s
@measurement@section@section_blocks_6@dwelling_time	3
@measurement@section@section_blocks_6@dwelling_time_unit	s
@measurement@section@section_blocks_7@start_energy	4130
@measurement@section@section_blocks_7@start_energy_unit	eV
@measurement@section@section_blocks_7@end_energy	4200
@measurement@section@section_blocks_7@end_energy_unit	eV
@measurement@section@section_blocks_7@sampling_number	20
@measurement@section@section_blocks_7@delta_energy	3.5
@measurement@section@section_blocks_7@delta_energy_unit	eV
@measurement@section@section_blocks_7@waiting_time	1
@measurement@section@section_blocks_7@waiting_time_unit	s
@measurement@section@section_blocks_7@dwelling_time	3
@measurement@section@section_blocks_7@dwelling_time_unit	s
@measurement@start_ring_current	76.166
@measurement@end_ring_current	74.722
@measurement@ring_current_unit	mA
@measurement@start_time	2018-12-12 17:14:20
@measurement@end_time	2018-12-12 17:32:54
@instrument@I0@detector_0@type	Ni mesh
@instrument@I0@detector_0@manufacturer	None
@instrument@I0@detector_0@model_number	None
@instrument@I0@detector_0@coating_element	Ni
@instrument@I0@detector_0@aperture_ratio	89
@instrument@I0@detector_0@aperture_ratio_unit	%
@instrument@I0@detector_0@applied_voltage	None
@instrument@I0@detector_0@applied_voltage_unit	None
@instrument@I0@Ammeter_0@range	200
@instrument@I0@Ammeter_0@range_unit	pA
@instrument@I0@Ammeter_0@manufacturer	KEITHLEY
@instrument@I0@Ammeter_0@model_number	6514
@instrument@I0@additional_data	None
@instrument@TEY@Ammeter_0@range	200
@instrument@TEY@Ammeter_0@range_unit	pA
@instrument@TEY@Ammeter_0@manufacturer	KEITHLEY
@instrument@TEY@Ammeter_0@model_number	6514
@instrument@TEY@additional_data	None
@instrument@PFY@detector_0@type	SDD
@instrument@PFY@detector_0@manufacturer	Techno X
@instrument@PFY@detector_0@model_number	TXD2300H50
@instrument@PFY@detector_0@amp_gain	3.232
@instrument@PFY@detector_0@amp_gain_unit	mV/keV
@instrument@PFY@detector_0@peaking_time	5e-07
@instrument@PFY@detector_0@peaking_time_unit	s
@instrument@PFY@detector_0@deadtime	10
@instrument@PFY@detector_0@deadtime_unit	%
@instrument@PFY@detector_0@deadtime_setting_energy	4039
@instrument@PFY@detector_0@deadtime_setting_energy_unit	eV
@instrument@PFY@detector_0@element_number	1
@instrument@PFY@detector_0@ROI_0@ROI_energy_lower	3.57
@instrument@PFY@detector_0@ROI_0@ROI_energy_upper	3.945
@instrument@PFY@detector_0@ROI_0@ROI_energy_unit	keV
@instrument@PFY@detector_0@ROI_1@ROI_energy_lower	3.57
@instrument@PFY@detector_0@ROI_1@ROI_energy_upper	3.785
@instrument@PFY@detector_0@ROI_1@ROI_energy_unit	keV
@instrument@PFY@detector_0@ROI_2@ROI_energy_lower	0.5
@instrument@PFY@detector_0@ROI_2@ROI_energy_upper	5.0
@instrument@PFY@detector_0@ROI_2@ROI_energy_unit	keV
@instrument@PFY@additional_data	None
@instrument@PEY@detector_0@type	None
@instrument@PEY@detector_0@manufacturer	None
@instrument@PEY@detector_0@model_number	None
@instrument@PEY@detector_0@applied_voltage_front	None
@instrument@PEY@detector_0@applied_voltage_front_unit	None
@instrument@PEY@detector_0@applied_voltage_end	None
@instrument@PEY@detector_0@applied_voltage_end_unit	None
@instrument@PEY@detector_0@battery_box_voltage	None
@instrument@PEY@detector_0@battery_box_voltage_unit	None
@instrument@PEY@detector_0@retarding_voltage	None
@instrument@PEY@detector_0@retarding_voltage_unit	None
@instrument@PEY@detector_0@deflection_voltage	None
@instrument@PEY@detector_0@deflection_voltage_unit	None
@instrument@PEY@Ammeter_0@range	None
@instrument@PEY@Ammeter_0@range_unit	None
@instrument@PEY@Ammeter_0@manufacturer	None
@instrument@PEY@Ammeter_0@model_number	None
@instrument@PEY@additional_data	None
@instrument@monochromator@type	DCM
@instrument@monochromator@detail_0@crystal_plane	Si(220)
@instrument@monochromator@detail_0@d	0.192
@instrument@monochromator@detail_0@d_unit	nm
@instrument@monochromator@detail_0@material	None
@instrument@monochromator@detail_0@groove_density	None
@instrument@monochromator@detail_0@groove_density_unit	None
@instrument@monochromator@detail_0@groove_depth	None
@instrument@monochromator@detail_0@groove_depth_unit	None
@instrument@monochromator@detail_0@deflection_angle	None
@instrument@monochromator@detail_0@deflection_angle_unit	None
@instrument@slit_0@name	None
@instrument@slit_0@vertical_size	None
@instrument@slit_0@vertical_size_unit	None
@instrument@slit_0@horizontal_size	None
@instrument@slit_0@horizontal_size_unit	None
@instrument@filter	None
@instrument@measurement_chamber_environment	Vac
@file@file_name	18121210.dat
@file@raw_data_format_0@extension	dat
@file@raw_data_format_0@format	BL-10
@file@raw_data_format_0@columns_0@name	calculated angle
@file@raw_data_format_0@columns_0@unit	deg
@file@raw_data_format_0@columns_1@name	observed angle
@file@raw_data_format_0@columns_1@unit	deg
@file@raw_data_format_0@columns_2@name	photon energy
@file@raw_data_format_0@columns_2@unit	eV
@file@raw_data_format_0@columns_3@name	I0
@file@raw_data_format_0@columns_3@unit	cps
@file@raw_data_format_0@columns_4@name	PFY1
@file@raw_data_format_0@columns_4@unit	cps
@file@raw_data_format_0@columns_5@name	PFY2
@file@raw_data_format_0@columns_5@unit	cps
@file@raw_data_format_0@columns_6@name	PFY3
@file@raw_data_format_0@columns_6@unit	cps
@file@raw_data_format_0@columns_7@name	TEY
@file@raw_data_format_0@columns_7@unit	cps
@file@raw_data_format_0@columns_8@name	PEY
@file@raw_data_format_0@columns_8@unit	cps
@file@raw_data_format_0@columns_9@name	Transmission
@file@raw_data_format_0@columns_9@unit	cps
@file@raw_data_format_0@columns_10@name	Ring current
@file@raw_data_format_0@columns_10@unit	mA
@file@processed_data_format_0@extension	tey
@file@processed_data_format_0@format	Athena
@file@processed_data_format_0@columns_0@name	photon energy
@file@processed_data_format_0@columns_0@unit	eV
@file@processed_data_format_0@columns_0@formula	column[2]
@file@processed_data_format_0@columns_0@normalizing_process_0@BG_subtraction	None
@file@processed_data_format_0@columns_0@normalizing_process_0@Normalization	None
@file@processed_data_format_0@columns_0@input@columns	raw_data_format[0].columns
@file@processed_data_format_0@columns_1@name	Normalized Intensity (TEY)
@file@processed_data_format_0@columns_1@unit	None
@file@processed_data_format_0@columns_1@formula	column[7]/column[3]
@file@processed_data_format_0@columns_1@normalizing_process_0@BG_subtraction	-3.089138+0.000845907*column[2]
@file@processed_data_format_0@columns_1@normalizing_process_0@Normalization	0.781672+6.82909e-006*column[2]
@file@processed_data_format_0@columns_1@input@columns	raw_data_format[0].columns
@file@processed_data_format_1@extension	pfy
@file@processed_data_format_1@format	Athena
@file@processed_data_format_1@columns_0@name	photon energy
@file@processed_data_format_1@columns_0@unit	eV
@file@processed_data_format_1@columns_0@formula	column[2]
@file@processed_data_format_1@columns_0@normalizing_process_0@BG_subtraction	None
@file@processed_data_format_1@columns_0@normalizing_process_0@Normalization	None
@file@processed_data_format_1@columns_0@input@columns	raw_data_format[0].columns
@file@processed_data_format_1@columns_1@name	Normalized Intensity (PFY1)
@file@processed_data_format_1@columns_1@unit	None
@file@processed_data_format_1@columns_1@formula	column[4]/column[3]
@file@processed_data_format_1@columns_1@normalizing_process_0@BG_subtraction	-133.063840+0.0331818*column[2]
@file@processed_data_format_1@columns_1@normalizing_process_0@Normalization	-7.045495+0.00650698*column[2]
@file@processed_data_format_1@columns_1@input@columns	raw_data_format[0].columns
